{
  "ratings": {
    "MIN": 1573.3550209059638,
    "DAL": 1418.6816541809558,
    "CHI": 1448.5138079111498,
    "IND": 1478.050358787654,
    "NYL": 1614.1601146038663,
    "ATL": 1483.554604481234,
    "PHX": 1462.1385237653265,
    "LVA": 1584.2956257189585,
    "CON": 1544.6644017003332,
    "WAS": 1472.7040848079553,
    "SEA": 1522.1557516065702,
    "LAS": 1390.016019671383,
    "TOR": 1488.0219355234806,
    "GSV": 1519.6738734896794,
    "PDX": 1500.0142228454856
  },
  "current_season": "2026",
  "games_processed": 14,
  "processed_game_ids": [
    "1022600001",
    "1022600002",
    "1022600003",
    "1022600004",
    "1022600005",
    "1022600006",
    "1022600007",
    "1022600008",
    "1022600009",
    "1022600010",
    "1022600011",
    "1022600012",
    "1022600013",
    "1022600014"
  ]
}