{
  "ratings": {
    "CHI": 1435.663879682365,
    "IND": 1491.2030864930048,
    "CON": 1557.0576724484042,
    "WAS": 1479.8350726746746,
    "MIN": 1579.2187635388602,
    "DAL": 1415.30379430523,
    "NYL": 1619.8932778114174,
    "ATL": 1459.541090165615,
    "PHX": 1464.0593631377144,
    "LVA": 1592.6816985483952,
    "SEA": 1509.7624808584992,
    "LAS": 1396.0774625666133,
    "TOR": 1488.0219355234806,
    "GSV": 1511.680422245722
  },
  "current_season": "2026",
  "games_processed": 3,
  "processed_game_ids": [
    "1022600001",
    "1022600002",
    "1022600003"
  ]
}