{
  "ratings": {
    "CHI": 1403.9759398244253,
    "IND": 1486.8702783477684,
    "CON": 1596.5000350549167,
    "WAS": 1452.0253853703812,
    "MIN": 1618.2369605057618,
    "DAL": 1373.5877526943732,
    "NYL": 1667.605860855265,
    "ATL": 1439.613567411366,
    "PHX": 1446.3572584144993,
    "LVA": 1638.330893355814,
    "SEA": 1532.0043329913751,
    "LAS": 1344.89173517405
  },
  "current_season": "2024",
  "games_processed": 2040,
  "processed_game_ids": []
}