{
  "ratings": {
    "CHI": 1356.5232551817862,
    "IND": 1504.5502011456788,
    "CON": 1408.573530105217,
    "WAS": 1401.2624101095705,
    "MIN": 1623.7033587216065,
    "DAL": 1364.609558456115,
    "NYL": 1570.5842269385473,
    "ATL": 1599.3579846932532,
    "PHX": 1518.9829257880374,
    "LVA": 1663.1023668278378,
    "SEA": 1485.296680487675,
    "LAS": 1492.4802119750746,
    "GSV": 1510.973289569596
  },
  "current_season": "2025",
  "games_processed": 2086
}